[
  {
    "name": "Get Weather",
    "keyword": "weather",
    "function": "get_weather",
    "params": {
      "city": "Enter a city name"
    }
  },
  {
    "name": "Get News",
    "keyword": "news",
    "function": "get_news",
    "params": {}
  },
  {
    "name": "Get Time",
    "keyword": "time",
    "function": "get_time",
    "params": {}
  },
  {
  "name": "Play Song",
  "keyword": "play song",
  "function": "play_song",
  "params": {
    "query": "What song do you want to play"
  }
}

]
