text,intent
weather,weather
What’s the weather like in Hanoi?,weather
What’s the temperature right now?,weather
What's the weather in Saigon?,weather
Do I need an umbrella today?,weather
Tell me the forecast for tomorrow.,weather
Weather report for Hanoi,weather
Is it raining in Hanoi?,weather
What's the weather in Saigon?,weather
Do I need an umbrella today?,weather
Tell me the forecast for tomorrow.,weather
Weather report for Hanoi,weather
What's the weather?,weather
Tell me the forecast,weather
Will it rain in Hanoi?,weather
time,time
What is the time now?,time
What time is it?,time
Can you tell me the current time?,time
What's the current time?,time
Do you know the time?,time
Tell me the time right now,time
Give me the time please,time
I need to know the time,time
What's the time?,time
Current time?,time
Could you show me the time?,time
Tell me what time it is,time
Do you have the time?,time
Check the time for me,time
Let me know the time,time
What’s the exact time now?,time
Time check please,time
Can you check the time?,time
What time is it currently?,time
Tell me the time of day,time
Show me the clock,time
sentiment,sentiment
I feel happy,sentiment
I'm so sad today,sentiment
Feeling really anxious,sentiment
I'm extremely angry right now,sentiment
I'm in a good mood,sentiment
Why am I so tired?,sentiment
I don't feel okay,sentiment
I think I'm depressed,sentiment
Everything feels overwhelming,sentiment
My emotions are all over the place,sentiment
I feel great,sentiment
I'm not doing well,sentiment
This day sucks,sentiment
I'm having a rough day,sentiment
I feel down,sentiment
I'm feeling fantastic,sentiment
I feel like crying,sentiment
I'm annoyed,sentiment
Why am I feeling like this?,sentiment
I'm scared,sentiment
Can you tell how I feel?,sentiment
I'm feeling very emotional,sentiment
My mood is weird,sentiment
I feel uneasy,sentiment
Do I sound upset?,sentiment
radio, radio
start radio,radio
vn radio,radio
vietnam radio,radio
play radio,radio
stream radio,radio
tune into vov1,radio
radio,radio
play radio,radio
stream radio,radio
vov radio,radio
start vietnam radio,radio
I want to listen to the radio,radio
open VOV1 radio,radio
tune into radio,radio
listen to vn radio,radio
vietnam news radio,radio
play VOV,radio
Tune into VOV1,radio
news, news
What's the latest news?,news
Tell me the headlines today,news
Give me the top news stories,news
Any breaking news?,news
What's happening in the world?,news
Update me with current news,news
News update please,news
Read me the news,news
Any news right now?,news
Tell me what's new today,news
Show me today's news,news
What's on the news?,news
Can you summarize the latest headlines?,news
Give me current affairs update,news
Fetch me some news headlines,news
Is there anything important in the news?,news
Any new events today?,news
Current world news?,news
Let me hear the top stories,news
Top news right now?,news
play song, play song
Play some music,play_song
I want to hear a song,play_song
Can you play a track?,play_song
Play Despacito on YouTube,play_song
Play Blinding Lights by The Weeknd,play_song
Search for Shape of You,play_song
Open YouTube and play Despacito,play_song
Turn on a song,play_song
I want to listen to music,play_song
Play a random song,play_song
Start playing music,play_song
Put on some music,play_song
Can you play something?,play_song
I’d like to listen to a song,play_song
Open YouTube music,play_song
Play that song everyone’s talking about,play_song
Find me a good track,play_song
Launch a music video,play_song
Just play anything you like,play_song
Play some tunes,play_song
emotion_song, emotion_song
"I'm feeling happy, can you suggest a song?",emotion_song
Play something energetic,emotion_song
Suggest a song for when I’m sad,emotion_song
"I’m bored, play something fun",emotion_song
What should I listen to if I’m feeling down?,emotion_song
Can you recommend a chill track?,emotion_song
I want a relaxing song,emotion_song
Play a sad song,emotion_song
Recommend music to match my mood,emotion_song
Give me a song that fits my mood,emotion_song
Suggest a track for when I’m energetic,emotion_song
"I’m in a bad mood, play something",emotion_song
What music should I listen to when I’m stressed?,emotion_song
"I feel great, give me a vibe song",emotion_song
Find me a mood-boosting track,emotion_song
I want something emotional to listen to,emotion_song
Recommend something mellow,emotion_song
Play me something calm,emotion_song
What’s a good happy song?,emotion_song
"I’m exhausted, what music can help?",emotion_song
"I feel anxious, recommend a song",emotion_song
I want something motivational,emotion_song
Suggest music for a rainy day,emotion_song
Give me a sad playlist,emotion_song
What's a good song for chilling?,emotion_song
symptoms,symptoms
I feel sick,symptoms
I have a headache,symptoms
I'm feeling dizzy,symptoms
My stomach hurts,symptoms
I feel tired and weak,symptoms
What are the symptoms of COVID?,symptoms
I have a sore throat,symptoms
Do I have a fever?,symptoms
I feel unwell,symptoms
Can you tell me what this symptom means?,symptoms
I’m coughing a lot,symptoms
My body aches all over,symptoms
What could be causing my nausea?,symptoms
I think I have the flu,symptoms
Symptoms of food poisoning?,symptoms
What are signs of infection?,symptoms
I have chills and a fever,symptoms
What are the symptoms of malaria?,symptoms
I feel nauseous,symptoms
My chest feels tight,symptoms
exit,exit
Goodbye,exit
Bye,exit
See you later,exit
Exit the app,exit
Quit,exit
Close the assistant,exit
End the session,exit
I want to leave,exit
Shut down,exit
That’s all,exit
Terminate the program,exit
Stop,exit
I’m done,exit
No more questions,exit
"Thanks, I’m finished",exit
Nothing else,exit
Close it now,exit
I’m good for now,exit
That’s it for today,exit
Leave,exit
finance,finance
What’s the stock price of Apple?,finance
Check Tesla share value,finance
Show me AAPL price,finance
How much is Google stock today?,finance
Get me Amazon's market value,finance
Tell me the current price of TSLA,finance
What’s the market doing today?,finance
Stock market update,finance
Check the price of Bitcoin,finance
What’s the value of BTC?,finance
Crypto update,finance
How much is Ethereum worth?,finance
Look up Microsoft stock,finance
Is the market up or down?,finance
Show stock prices,finance
Give me the NASDAQ status,finance
Check the S&P 500 today,finance
Any news on the stock market?,finance
What’s Tesla trading at?,finance
Find me the Dogecoin price,finance
schedule,schedule
Add a meeting at 3 PM,schedule
Remind me to call John at 2 PM,schedule
Schedule a doctor appointment,schedule
Create a new event for tomorrow,schedule
Book a gym session for Friday,schedule
Set a reminder to water the plants,schedule
Add “Project deadline” to my calendar,schedule
I need to schedule a study session,schedule
Plan a call with the client next Monday,schedule
Put “Dinner with Anna” on my schedule,schedule
Schedule a team meeting at 10 AM,schedule
Make a note to buy groceries at 5 PM,schedule
Can you schedule my interview?,schedule
Organize a Zoom call with my professor,schedule
Add a dentist appointment on Thursday,schedule
Remind me to submit the assignment,schedule
Set up an alert for 8 AM,schedule
Put an event on my calendar,schedule
Book a call with Sarah at noon,schedule
Help me schedule a workout,schedule
question,question
What is artificial intelligence?,question
Who is the president of the United States?,question
How does photosynthesis work?,question
Why is the sky blue?,question
Where is the Eiffel Tower?,question
When did World War II end?,question
What does DNA stand for?,question
Who discovered gravity?,question
Tell me about black holes,question
How far is the moon?,question
Explain quantum mechanics,question
What is the capital of Canada?,question
Where was Albert Einstein born?,question
Why do leaves change color?,question
What is climate change?,question
When is the next leap year?,question
Who invented the telephone?,question
How does the internet work?,question
Why do cats purr?,question
What causes an earthquake?,question
calories,calories
How many calories in a banana?,calories
I ate 2 slices of pizza,calories
What’s the calorie count of fried rice?,calories
Track my calorie intake,calories
Log my meals today,calories
How much calories in a burger?,calories
I had 3 eggs and toast for breakfast,calories
Calories in a glass of milk?,calories
What's the total calories I consumed?,calories
Tell me the calories in an apple,calories
Estimate my calorie intake,calories
How many calories did I eat?,calories
I had noodles and chicken,calories
Check my food calories,calories
Record what I ate today,calories
How much energy in a sandwich?,calories
I ate rice and vegetables,calories
How many kcal in a can of Coke?,calories
Add 500 kcal to my tracker,calories
Calories in Vietnamese pho?,calories
I want to hear a song,play_song
Can you play something?,play_song
I feel like listening to music,play_song
Start a song please,play_song
Let’s hear some music,play_song
Play a random track,play_song
bye,exit
goodbye,exit
see you later,exit
talk to you later,exit
end the session,exit
exit the assistant,exit
stop the assistant,exit
that's all for now,exit
close the app,exit
I’m done,exit
I’m finished,exit
stop talking,exit
